"target_code","target_name","track","track_label","horizon","feature","selection_source","last_refresh","last_seed","mean_importance","median_importance","minimum_importance","maximum_importance","normalized_hits","boruta_decision","selection_frequency","stable_core"
"UNRATE","Civilian Unemployment Rate [UNRATE]","monthly_transformed","Target-month transformed change",1,"BUSINVx_L0","boruta_confirmed",85,21161801,0.0957666569761778,0.101607079527663,0.00866541859483645,0.186260381864747,0.494949494949495,"Confirmed",0.466666666666667,FALSE
"UNRATE","Civilian Unemployment Rate [UNRATE]","monthly_transformed","Target-month transformed change",1,"M2SL_L1","boruta_confirmed",85,21161801,0.0967573482278159,0.0970620448837895,-0.0325905652031743,0.21698046091634,0.505050505050505,"Confirmed",0.0666666666666667,FALSE
"UNRATE","Civilian Unemployment Rate [UNRATE]","monthly_transformed","Target-month transformed change",1,"NDMANEMP_L0","boruta_confirmed",85,21161801,0.130028212321163,0.1336648836018,0.0416095223976297,0.201777914935314,0.767676767676768,"Confirmed",0.733333333333333,TRUE
"UNRATE","Civilian Unemployment Rate [UNRATE]","monthly_transformed","Target-month transformed change",1,"NDMANEMP_L1","boruta_confirmed",85,21161801,0.107836903851134,0.115820379922921,-0.0380513351803036,0.179119388744076,0.646464646464647,"Confirmed",0.333333333333333,FALSE
"UNRATE","Civilian Unemployment Rate [UNRATE]","monthly_transformed","Target-month transformed change",1,"PAYEMS_L1","boruta_confirmed",85,21161801,0.118428755893363,0.120129499381755,0.00575084077318628,0.212028780268568,0.717171717171717,"Confirmed",1,TRUE
"UNRATE","Civilian Unemployment Rate [UNRATE]","monthly_transformed","Target-month transformed change",1,"PC1_L1","boruta_confirmed",85,21161801,0.0964402678945957,0.0987150696682364,-0.00249144501152176,0.150113277706917,0.525252525252525,"Confirmed",0.733333333333333,TRUE
"UNRATE","Civilian Unemployment Rate [UNRATE]","monthly_transformed","Target-month transformed change",1,"SRVPRD_L1","boruta_confirmed",85,21161801,0.113417454373191,0.120900635648161,0.0308220503511411,0.163950518208589,0.656565656565657,"Confirmed",0.933333333333333,TRUE
"UNRATE","Civilian Unemployment Rate [UNRATE]","monthly_transformed","Target-month transformed change",1,"USGOOD_L0","boruta_confirmed",85,21161801,0.148423607487621,0.155901003915324,0.0197735991125439,0.225381731662877,0.787878787878788,"Confirmed",1,TRUE
"UNRATE","Civilian Unemployment Rate [UNRATE]","monthly_transformed","Target-month transformed change",1,"USTPU_L0","boruta_confirmed",85,21161801,0.118469497848765,0.120921666189937,-0.0246525003565468,0.189285626251142,0.747474747474748,"Confirmed",1,TRUE
"UNRATE","Civilian Unemployment Rate [UNRATE]","monthly_transformed","Target-month transformed change",1,"USTRADE_L0","boruta_confirmed",85,21161801,0.151924824323827,0.159604548365859,-0.0280288687676025,0.239035095050436,0.808080808080808,"Confirmed",1,TRUE
"UNRATE","Civilian Unemployment Rate [UNRATE]","monthly_transformed","Target-month transformed change",3,"CUMFNS_L0","boruta_confirmed",85,21163801,0.109951295483667,0.108872456398762,0.017771473362241,0.199104809196208,0.575757575757576,"Confirmed",0.333333333333333,FALSE
"UNRATE","Civilian Unemployment Rate [UNRATE]","monthly_transformed","Target-month transformed change",3,"DMANEMP_L0","boruta_confirmed",85,21163801,0.093047784077893,0.0951794035183194,-0.0362499442650892,0.202339520099861,0.515151515151515,"Confirmed",0.6,TRUE
"UNRATE","Civilian Unemployment Rate [UNRATE]","monthly_transformed","Target-month transformed change",3,"IPFPNSS_L0","boruta_confirmed",85,21163801,0.105183969855636,0.10863241178901,-0.0612490174651655,0.208102651880709,0.575757575757576,"Confirmed",0.4,FALSE
"UNRATE","Civilian Unemployment Rate [UNRATE]","monthly_transformed","Target-month transformed change",3,"M2REAL_L0","boruta_confirmed",85,21163801,0.0977706105741888,0.0960950421998919,-0.0431641160956093,0.247132908969315,0.525252525252525,"Confirmed",0.4,FALSE
"UNRATE","Civilian Unemployment Rate [UNRATE]","monthly_transformed","Target-month transformed change",3,"MANEMP_L0","boruta_confirmed",85,21163801,0.0965497198666851,0.10011063798122,-0.0248480581527277,0.188036537896664,0.505050505050505,"Confirmed",0.6,TRUE
"UNRATE","Civilian Unemployment Rate [UNRATE]","monthly_transformed","Target-month transformed change",3,"USGOOD_L1","boruta_confirmed",85,21163801,0.088797451109749,0.095157699408328,-0.0345434032856923,0.223261802327371,0.494949494949495,"Confirmed",0.4,FALSE
"UNRATE","Civilian Unemployment Rate [UNRATE]","monthly_transformed","Target-month transformed change",6,"MANEMP_L2","boruta_confirmed",85,21166801,0.0972621947772413,0.0969142005007129,-0.01337404329507,0.21002828475191,0.484848484848485,"Confirmed",0.666666666666667,TRUE
"UNRATE","Civilian Unemployment Rate [UNRATE]","monthly_transformed","Target-month transformed change",6,"T1YFFM_L2","boruta_confirmed",85,21166801,0.0976258629733943,0.102733645049823,-0.0574081649423035,0.23759729866037,0.555555555555556,"Confirmed",0.866666666666667,TRUE
"UNRATE","Civilian Unemployment Rate [UNRATE]","monthly_transformed","Target-month transformed change",6,"T1YFFM_L3","boruta_confirmed",85,21166801,0.13458532488104,0.148380511397473,-0.000289433105649272,0.264299572380687,0.696969696969697,"Confirmed",0.933333333333333,TRUE
"UNRATE","Civilian Unemployment Rate [UNRATE]","monthly_transformed","Target-month transformed change",6,"TB3SMFFM_L0","boruta_confirmed",85,21166801,0.114990953012128,0.120209518332594,-0.0243598240104634,0.202666695879827,0.626262626262626,"Confirmed",0.8,TRUE
"UNRATE","Civilian Unemployment Rate [UNRATE]","monthly_transformed","Target-month transformed change",6,"TB3SMFFM_L1","boruta_confirmed",85,21166801,0.10370954863184,0.102938106467852,-0.0227210968465806,0.178166650538658,0.515151515151515,"Confirmed",0.933333333333333,TRUE
"UNRATE","Civilian Unemployment Rate [UNRATE]","monthly_transformed","Target-month transformed change",6,"TB3SMFFM_L2","boruta_confirmed",85,21166801,0.112739397247588,0.116563514940872,-0.0397008265814331,0.18620304300577,0.595959595959596,"Confirmed",0.8,TRUE
"UNRATE","Civilian Unemployment Rate [UNRATE]","monthly_transformed","Target-month transformed change",6,"TB3SMFFM_L3","boruta_confirmed",85,21166801,0.103017063450678,0.113570597653306,-0.0325410871607346,0.202651853310866,0.595959595959596,"Confirmed",1,TRUE
"UNRATE","Civilian Unemployment Rate [UNRATE]","monthly_transformed","Target-month transformed change",6,"TB6SMFFM_L2","boruta_confirmed",85,21166801,0.107259649828539,0.114840156174238,-0.0407861739259354,0.199648378496128,0.626262626262626,"Confirmed",1,TRUE
"UNRATE","Civilian Unemployment Rate [UNRATE]","monthly_transformed","Target-month transformed change",6,"USWTRADE_L3","boruta_confirmed",85,21166801,0.0883022029413927,0.0943896642442993,-0.0100900281074114,0.191766689000089,0.484848484848485,"Confirmed",0.0666666666666667,FALSE
"UNRATE","Civilian Unemployment Rate [UNRATE]","monthly_transformed","Target-month transformed change",12,"COMPAPFFx_L0","boruta_confirmed",85,21172801,0.1120090502674,0.111827721143522,-0.0390615932218353,0.289603072207418,0.616161616161616,"Confirmed",0.0666666666666667,FALSE
"UNRATE","Civilian Unemployment Rate [UNRATE]","monthly_transformed","Target-month transformed change",12,"T1YFFM_L0","boruta_confirmed",85,21172801,0.127351032465763,0.13509250238335,-0.0414191166336171,0.241384406051612,0.676767676767677,"Confirmed",0.8,TRUE
"UNRATE","Civilian Unemployment Rate [UNRATE]","monthly_transformed","Target-month transformed change",12,"T1YFFM_L1","boruta_confirmed",85,21172801,0.126183141291188,0.11585633254597,-0.0290699999557716,0.342188058748877,0.656565656565657,"Confirmed",0.666666666666667,TRUE
"UNRATE","Civilian Unemployment Rate [UNRATE]","monthly_transformed","Target-month transformed change",12,"T1YFFM_L2","boruta_confirmed",85,21172801,0.115353367320974,0.115635090783079,-0.0386998098308593,0.288213291560045,0.666666666666667,"Confirmed",0.666666666666667,TRUE
"UNRATE","Civilian Unemployment Rate [UNRATE]","monthly_transformed","Target-month transformed change",12,"TB3SMFFM_L1","boruta_confirmed",85,21172801,0.112009138108326,0.110906245363698,-0.022061204138442,0.20706677978141,0.636363636363636,"Confirmed",1,TRUE
"UNRATE","Civilian Unemployment Rate [UNRATE]","monthly_transformed","Target-month transformed change",12,"TB3SMFFM_L3","boruta_confirmed",85,21172801,0.116053229428848,0.10733740645283,-0.0117403109623436,0.28463322868353,0.545454545454545,"Confirmed",1,TRUE
"UNRATE","Civilian Unemployment Rate [UNRATE]","monthly_transformed","Target-month transformed change",12,"TB6SMFFM_L0","boruta_confirmed",85,21172801,0.119664146331197,0.119928093294176,-0.0127818411368113,0.261325315972576,0.636363636363636,"Confirmed",0.666666666666667,TRUE
"UNRATE","Civilian Unemployment Rate [UNRATE]","monthly_transformed","Target-month transformed change",12,"TB6SMFFM_L1","boruta_confirmed",85,21172801,0.0996731446521395,0.102744368085093,-0.0419714694980934,0.20713971212889,0.515151515151515,"Confirmed",0.866666666666667,TRUE
"UNRATE","Civilian Unemployment Rate [UNRATE]","monthly_transformed","Target-month transformed change",12,"TB6SMFFM_L2","boruta_confirmed",85,21172801,0.0949713407324248,0.0963228930856372,-0.0141941151570612,0.197910499334444,0.494949494949495,"Confirmed",0.466666666666667,FALSE
"UNRATE","Civilian Unemployment Rate [UNRATE]","cumulative_level","Civilian Unemployment Rate [UNRATE] cumulative transformed change / reconstructed level",1,"BUSINVx_L0","boruta_confirmed",85,21261801,0.108280470945205,0.113197093912037,-0.0311294483339263,0.260690148307447,0.575757575757576,"Confirmed",0.6,TRUE
"UNRATE","Civilian Unemployment Rate [UNRATE]","cumulative_level","Civilian Unemployment Rate [UNRATE] cumulative transformed change / reconstructed level",1,"DMANEMP_L0","boruta_confirmed",85,21261801,0.11324364025194,0.10958357237099,0.00836897216105577,0.211044168223928,0.616161616161616,"Confirmed",0.6,TRUE
"UNRATE","Civilian Unemployment Rate [UNRATE]","cumulative_level","Civilian Unemployment Rate [UNRATE] cumulative transformed change / reconstructed level",1,"DMANEMP_L1","boruta_confirmed",85,21261801,0.10664244271636,0.109251142291269,-0.0402540731695592,0.212467717197383,0.555555555555556,"Confirmed",0.333333333333333,FALSE
"UNRATE","Civilian Unemployment Rate [UNRATE]","cumulative_level","Civilian Unemployment Rate [UNRATE] cumulative transformed change / reconstructed level",1,"MANEMP_L1","boruta_confirmed",85,21261801,0.10523831169323,0.111579409145163,-0.0106587990483964,0.188819906701279,0.606060606060606,"Confirmed",0.533333333333333,FALSE
"UNRATE","Civilian Unemployment Rate [UNRATE]","cumulative_level","Civilian Unemployment Rate [UNRATE] cumulative transformed change / reconstructed level",1,"NDMANEMP_L0","boruta_confirmed",85,21261801,0.15705984647339,0.170847916856387,-0.0391326337158422,0.280487875444672,0.777777777777778,"Confirmed",0.666666666666667,TRUE
"UNRATE","Civilian Unemployment Rate [UNRATE]","cumulative_level","Civilian Unemployment Rate [UNRATE] cumulative transformed change / reconstructed level",1,"NDMANEMP_L1","boruta_confirmed",85,21261801,0.119473463609285,0.11827358350725,0.0305557022292355,0.209245284832923,0.606060606060606,"Confirmed",0.666666666666667,TRUE
"UNRATE","Civilian Unemployment Rate [UNRATE]","cumulative_level","Civilian Unemployment Rate [UNRATE] cumulative transformed change / reconstructed level",1,"PAYEMS_L1","boruta_confirmed",85,21261801,0.136298702518154,0.142229998407777,0.0497448038734621,0.244384968797219,0.767676767676768,"Confirmed",1,TRUE
"UNRATE","Civilian Unemployment Rate [UNRATE]","cumulative_level","Civilian Unemployment Rate [UNRATE] cumulative transformed change / reconstructed level",1,"PC1_L1","boruta_confirmed",85,21261801,0.0989644087705596,0.100489678742105,-0.0336475253806285,0.168451194699992,0.535353535353535,"Confirmed",0.466666666666667,FALSE
"UNRATE","Civilian Unemployment Rate [UNRATE]","cumulative_level","Civilian Unemployment Rate [UNRATE] cumulative transformed change / reconstructed level",1,"SRVPRD_L1","boruta_confirmed",85,21261801,0.121934626447806,0.132030815630222,-0.0263713500372476,0.21017822853673,0.686868686868687,"Confirmed",1,TRUE
"UNRATE","Civilian Unemployment Rate [UNRATE]","cumulative_level","Civilian Unemployment Rate [UNRATE] cumulative transformed change / reconstructed level",1,"USGOOD_L0","boruta_confirmed",85,21261801,0.181357197784904,0.191187713752341,-0.0262465546118904,0.2979263097953,0.848484848484849,"Confirmed",1,TRUE
"UNRATE","Civilian Unemployment Rate [UNRATE]","cumulative_level","Civilian Unemployment Rate [UNRATE] cumulative transformed change / reconstructed level",1,"USTPU_L0","boruta_confirmed",85,21261801,0.134127239224437,0.139143170986443,-0.0222252742225828,0.213396971023586,0.767676767676768,"Confirmed",1,TRUE
"UNRATE","Civilian Unemployment Rate [UNRATE]","cumulative_level","Civilian Unemployment Rate [UNRATE] cumulative transformed change / reconstructed level",1,"USTRADE_L0","boruta_confirmed",85,21261801,0.175506590798092,0.184419679321201,-0.038231655249503,0.300378477619477,0.818181818181818,"Confirmed",0.866666666666667,TRUE
"UNRATE","Civilian Unemployment Rate [UNRATE]","cumulative_level","Civilian Unemployment Rate [UNRATE] cumulative transformed change / reconstructed level",1,"USTRADE_L1","boruta_confirmed",85,21261801,0.10976246323076,0.107659833953775,0.0228359627339624,0.197909588141645,0.565656565656566,"Confirmed",0.4,FALSE
"UNRATE","Civilian Unemployment Rate [UNRATE]","cumulative_level","Civilian Unemployment Rate [UNRATE] cumulative transformed change / reconstructed level",3,"CUMFNS_L1","boruta_confirmed",85,21263801,0.0952265572706346,0.102350209011239,-0.0455764416780421,0.188093437113936,0.494949494949495,"Confirmed",0.333333333333333,FALSE
"UNRATE","Civilian Unemployment Rate [UNRATE]","cumulative_level","Civilian Unemployment Rate [UNRATE] cumulative transformed change / reconstructed level",3,"DMANEMP_L0","boruta_confirmed",85,21263801,0.0923994927688558,0.0976240407531689,-0.0372439345398656,0.197199904634742,0.505050505050505,"Confirmed",0.933333333333333,TRUE
"UNRATE","Civilian Unemployment Rate [UNRATE]","cumulative_level","Civilian Unemployment Rate [UNRATE] cumulative transformed change / reconstructed level",3,"DMANEMP_L1","boruta_confirmed",85,21263801,0.092979036755379,0.100467236480841,-0.0565306282856755,0.174808855152986,0.494949494949495,"Confirmed",0.8,TRUE
"UNRATE","Civilian Unemployment Rate [UNRATE]","cumulative_level","Civilian Unemployment Rate [UNRATE] cumulative transformed change / reconstructed level",3,"DMANEMP_L2","boruta_confirmed",85,21263801,0.0947452716371854,0.106171334201287,-0.0393487586064578,0.20386978657378,0.545454545454545,"Confirmed",0.533333333333333,FALSE
"UNRATE","Civilian Unemployment Rate [UNRATE]","cumulative_level","Civilian Unemployment Rate [UNRATE] cumulative transformed change / reconstructed level",3,"FEDFUNDS_L3","boruta_confirmed",85,21263801,0.113747500722169,0.119253830388597,-0.0489797628481842,0.21121861839725,0.666666666666667,"Confirmed",0.0666666666666667,FALSE
"UNRATE","Civilian Unemployment Rate [UNRATE]","cumulative_level","Civilian Unemployment Rate [UNRATE] cumulative transformed change / reconstructed level",3,"M2REAL_L1","boruta_confirmed",85,21263801,0.135421185318718,0.142555089288634,-0.00390744523226855,0.247239974972453,0.737373737373737,"Confirmed",0.666666666666667,TRUE
"UNRATE","Civilian Unemployment Rate [UNRATE]","cumulative_level","Civilian Unemployment Rate [UNRATE] cumulative transformed change / reconstructed level",3,"MANEMP_L0","boruta_confirmed",85,21263801,0.105162054668498,0.100807249515803,0,0.194515645285196,0.585858585858586,"Confirmed",1,TRUE
"UNRATE","Civilian Unemployment Rate [UNRATE]","cumulative_level","Civilian Unemployment Rate [UNRATE] cumulative transformed change / reconstructed level",3,"NDMANEMP_L0","boruta_confirmed",85,21263801,0.100611261899271,0.106996151243958,0,0.159967430979582,0.595959595959596,"Confirmed",0.733333333333333,TRUE
"UNRATE","Civilian Unemployment Rate [UNRATE]","cumulative_level","Civilian Unemployment Rate [UNRATE] cumulative transformed change / reconstructed level",3,"PAYEMS_L1","boruta_confirmed",85,21263801,0.118299783090651,0.116835354191525,0,0.208047179523986,0.696969696969697,"Confirmed",0.933333333333333,TRUE
"UNRATE","Civilian Unemployment Rate [UNRATE]","cumulative_level","Civilian Unemployment Rate [UNRATE] cumulative transformed change / reconstructed level",3,"PAYEMS_L2","boruta_confirmed",85,21263801,0.0990067149983421,0.100150789461669,-0.00402860215407357,0.203556156673148,0.545454545454545,"Confirmed",0.8,TRUE
"UNRATE","Civilian Unemployment Rate [UNRATE]","cumulative_level","Civilian Unemployment Rate [UNRATE] cumulative transformed change / reconstructed level",3,"SRVPRD_L1","boruta_confirmed",85,21263801,0.117797175780805,0.115021130376678,-0.00730992050201575,0.209036170515348,0.707070707070707,"Confirmed",0.933333333333333,TRUE
"UNRATE","Civilian Unemployment Rate [UNRATE]","cumulative_level","Civilian Unemployment Rate [UNRATE] cumulative transformed change / reconstructed level",3,"SRVPRD_L2","boruta_confirmed",85,21263801,0.0976359386221851,0.101312275266645,-0.0238673454692465,0.207974908222815,0.555555555555556,"Confirmed",0.4,FALSE
"UNRATE","Civilian Unemployment Rate [UNRATE]","cumulative_level","Civilian Unemployment Rate [UNRATE] cumulative transformed change / reconstructed level",3,"USGOOD_L0","boruta_confirmed",85,21263801,0.13695300841675,0.139231903083566,-0.0212219780764844,0.231279064041901,0.828282828282828,"Confirmed",1,TRUE
"UNRATE","Civilian Unemployment Rate [UNRATE]","cumulative_level","Civilian Unemployment Rate [UNRATE] cumulative transformed change / reconstructed level",3,"USTPU_L0","boruta_confirmed",85,21263801,0.150850866239862,0.159593517307735,-0.0050556149890572,0.257013238788975,0.797979797979798,"Confirmed",0.933333333333333,TRUE
"UNRATE","Civilian Unemployment Rate [UNRATE]","cumulative_level","Civilian Unemployment Rate [UNRATE] cumulative transformed change / reconstructed level",3,"USTPU_L2","boruta_confirmed",85,21263801,0.0934867921346189,0.102487797074482,-0.0375320893989837,0.190873011582624,0.505050505050505,"Confirmed",0.266666666666667,FALSE
"UNRATE","Civilian Unemployment Rate [UNRATE]","cumulative_level","Civilian Unemployment Rate [UNRATE] cumulative transformed change / reconstructed level",3,"USTRADE_L0","boruta_confirmed",85,21263801,0.127015686562156,0.134882218615965,-0.00291331620384974,0.207721565839842,0.717171717171717,"Confirmed",1,TRUE
"UNRATE","Civilian Unemployment Rate [UNRATE]","cumulative_level","Civilian Unemployment Rate [UNRATE] cumulative transformed change / reconstructed level",3,"VIXCLSx_L0","boruta_confirmed",85,21263801,0.119969266360772,0.123691826799506,-0.0347985474909225,0.226223777140788,0.727272727272727,"Confirmed",1,TRUE
"UNRATE","Civilian Unemployment Rate [UNRATE]","cumulative_level","Civilian Unemployment Rate [UNRATE] cumulative transformed change / reconstructed level",6,"AAAFFM_L0","boruta_confirmed",85,21266801,0.110913959821345,0.121036080734963,-0.0114363558776398,0.1709914030869,0.525252525252525,"Confirmed",0.933333333333333,TRUE
"UNRATE","Civilian Unemployment Rate [UNRATE]","cumulative_level","Civilian Unemployment Rate [UNRATE] cumulative transformed change / reconstructed level",6,"AAAFFM_L1","boruta_confirmed",85,21266801,0.118076149715865,0.122567658379866,0,0.183110221190943,0.535353535353535,"Confirmed",0.533333333333333,FALSE
"UNRATE","Civilian Unemployment Rate [UNRATE]","cumulative_level","Civilian Unemployment Rate [UNRATE] cumulative transformed change / reconstructed level",6,"AAAFFM_L3","boruta_confirmed",85,21266801,0.109738030671432,0.114255077380024,0,0.169135747867283,0.464646464646465,"Confirmed",0.866666666666667,TRUE
"UNRATE","Civilian Unemployment Rate [UNRATE]","cumulative_level","Civilian Unemployment Rate [UNRATE] cumulative transformed change / reconstructed level",6,"BAAFFM_L1","boruta_confirmed",85,21266801,0.111923574793921,0.1173226492801,-0.00717095613095838,0.187767270090584,0.484848484848485,"Confirmed",0.933333333333333,TRUE
"UNRATE","Civilian Unemployment Rate [UNRATE]","cumulative_level","Civilian Unemployment Rate [UNRATE] cumulative transformed change / reconstructed level",6,"BUSINVx_L0","boruta_confirmed",85,21266801,0.124779985168989,0.130135075733718,0,0.244328342156294,0.606060606060606,"Confirmed",0.666666666666667,TRUE
"UNRATE","Civilian Unemployment Rate [UNRATE]","cumulative_level","Civilian Unemployment Rate [UNRATE] cumulative transformed change / reconstructed level",6,"FEDFUNDS_L2","boruta_confirmed",85,21266801,0.171403780034228,0.180185351615137,0,0.262778960637416,0.848484848484849,"Confirmed",0.533333333333333,FALSE
"UNRATE","Civilian Unemployment Rate [UNRATE]","cumulative_level","Civilian Unemployment Rate [UNRATE] cumulative transformed change / reconstructed level",6,"FEDFUNDS_L3","boruta_confirmed",85,21266801,0.181497979334405,0.201014211980919,0,0.302168963048824,0.797979797979798,"Confirmed",0.666666666666667,TRUE
"UNRATE","Civilian Unemployment Rate [UNRATE]","cumulative_level","Civilian Unemployment Rate [UNRATE] cumulative transformed change / reconstructed level",6,"IPDMAT_L0","boruta_confirmed",85,21266801,0.123728362766408,0.13543898891453,-0.0171427580311772,0.213114900959358,0.606060606060606,"Confirmed",0.733333333333333,TRUE
"UNRATE","Civilian Unemployment Rate [UNRATE]","cumulative_level","Civilian Unemployment Rate [UNRATE] cumulative transformed change / reconstructed level",6,"M2REAL_L1","boruta_confirmed",85,21266801,0.138907829469451,0.152283514468949,0,0.2176124257463,0.707070707070707,"Confirmed",0.666666666666667,TRUE
"UNRATE","Civilian Unemployment Rate [UNRATE]","cumulative_level","Civilian Unemployment Rate [UNRATE] cumulative transformed change / reconstructed level",6,"MANEMP_L0","boruta_confirmed",85,21266801,0.128699986918975,0.13339170494288,-0.0151879562877624,0.225960391663738,0.606060606060606,"Confirmed",1,TRUE
"UNRATE","Civilian Unemployment Rate [UNRATE]","cumulative_level","Civilian Unemployment Rate [UNRATE] cumulative transformed change / reconstructed level",6,"MANEMP_L3","boruta_confirmed",85,21266801,0.118936811945037,0.12468249612336,-0.0214080556845022,0.197914213890975,0.585858585858586,"Confirmed",0.266666666666667,FALSE
"UNRATE","Civilian Unemployment Rate [UNRATE]","cumulative_level","Civilian Unemployment Rate [UNRATE] cumulative transformed change / reconstructed level",6,"NDMANEMP_L0","boruta_confirmed",85,21266801,0.106792597126097,0.109989885227109,-0.0024816982929644,0.181922777470428,0.414141414141414,"Confirmed",0.466666666666667,FALSE
"UNRATE","Civilian Unemployment Rate [UNRATE]","cumulative_level","Civilian Unemployment Rate [UNRATE] cumulative transformed change / reconstructed level",6,"PAYEMS_L0","boruta_confirmed",85,21266801,0.192425155297224,0.200317262233195,0,0.310419364838362,0.878787878787879,"Confirmed",1,TRUE
"UNRATE","Civilian Unemployment Rate [UNRATE]","cumulative_level","Civilian Unemployment Rate [UNRATE] cumulative transformed change / reconstructed level",6,"PAYEMS_L1","boruta_confirmed",85,21266801,0.155492688742028,0.163729175958708,0,0.250193546196379,0.777777777777778,"Confirmed",0.866666666666667,TRUE
"UNRATE","Civilian Unemployment Rate [UNRATE]","cumulative_level","Civilian Unemployment Rate [UNRATE] cumulative transformed change / reconstructed level",6,"PAYEMS_L2","boruta_confirmed",85,21266801,0.112549644655881,0.117765470462213,0,0.198173286131164,0.494949494949495,"Confirmed",0.133333333333333,FALSE
"UNRATE","Civilian Unemployment Rate [UNRATE]","cumulative_level","Civilian Unemployment Rate [UNRATE] cumulative transformed change / reconstructed level",6,"PC1_L0","boruta_confirmed",85,21266801,0.119303405401335,0.124004475844936,0,0.191945840271568,0.545454545454545,"Confirmed",1,TRUE
"UNRATE","Civilian Unemployment Rate [UNRATE]","cumulative_level","Civilian Unemployment Rate [UNRATE] cumulative transformed change / reconstructed level",6,"PC1_L1","boruta_confirmed",85,21266801,0.121925742210352,0.130617079375377,-0.018151356532447,0.23488239879761,0.525252525252525,"Confirmed",0.933333333333333,TRUE
"UNRATE","Civilian Unemployment Rate [UNRATE]","cumulative_level","Civilian Unemployment Rate [UNRATE] cumulative transformed change / reconstructed level",6,"PERMITMW_L3","boruta_confirmed",85,21266801,0.121447814945287,0.128132401543938,0,0.205670200036202,0.555555555555556,"Confirmed",0.8,TRUE
"UNRATE","Civilian Unemployment Rate [UNRATE]","cumulative_level","Civilian Unemployment Rate [UNRATE] cumulative transformed change / reconstructed level",6,"SRVPRD_L0","boruta_confirmed",85,21266801,0.175745189922412,0.185281705385028,0,0.293744321256345,0.838383838383838,"Confirmed",0.933333333333333,TRUE
"UNRATE","Civilian Unemployment Rate [UNRATE]","cumulative_level","Civilian Unemployment Rate [UNRATE] cumulative transformed change / reconstructed level",6,"SRVPRD_L1","boruta_confirmed",85,21266801,0.143595253305225,0.149225050771123,0,0.221003107685994,0.656565656565657,"Confirmed",0.666666666666667,TRUE
"UNRATE","Civilian Unemployment Rate [UNRATE]","cumulative_level","Civilian Unemployment Rate [UNRATE] cumulative transformed change / reconstructed level",6,"T10YFFM_L0","boruta_confirmed",85,21266801,0.129608653372761,0.138529411331564,-0.0121245656060986,0.235475128799183,0.656565656565657,"Confirmed",0.866666666666667,TRUE
"UNRATE","Civilian Unemployment Rate [UNRATE]","cumulative_level","Civilian Unemployment Rate [UNRATE] cumulative transformed change / reconstructed level",6,"T10YFFM_L1","boruta_confirmed",85,21266801,0.119594844924028,0.12849828661932,0,0.201418210026469,0.575757575757576,"Confirmed",0.733333333333333,TRUE
"UNRATE","Civilian Unemployment Rate [UNRATE]","cumulative_level","Civilian Unemployment Rate [UNRATE] cumulative transformed change / reconstructed level",6,"T10YFFM_L2","boruta_confirmed",85,21266801,0.128877911354694,0.132185194964764,0,0.213464832113272,0.666666666666667,"Confirmed",0.933333333333333,TRUE
"UNRATE","Civilian Unemployment Rate [UNRATE]","cumulative_level","Civilian Unemployment Rate [UNRATE] cumulative transformed change / reconstructed level",6,"T10YFFM_L3","boruta_confirmed",85,21266801,0.160449494481054,0.177308607208079,-0.00123398107766252,0.23150583659347,0.787878787878788,"Confirmed",1,TRUE
"UNRATE","Civilian Unemployment Rate [UNRATE]","cumulative_level","Civilian Unemployment Rate [UNRATE] cumulative transformed change / reconstructed level",6,"T1YFFM_L0","boruta_confirmed",85,21266801,0.117010765641669,0.120361721186362,0,0.180989758870658,0.565656565656566,"Confirmed",0.866666666666667,TRUE
"UNRATE","Civilian Unemployment Rate [UNRATE]","cumulative_level","Civilian Unemployment Rate [UNRATE] cumulative transformed change / reconstructed level",6,"T1YFFM_L2","boruta_confirmed",85,21266801,0.104379459531401,0.114331557531942,-0.044455665565792,0.176850182966483,0.464646464646465,"Confirmed",0.666666666666667,TRUE
"UNRATE","Civilian Unemployment Rate [UNRATE]","cumulative_level","Civilian Unemployment Rate [UNRATE] cumulative transformed change / reconstructed level",6,"T1YFFM_L3","boruta_confirmed",85,21266801,0.151932928983705,0.164801846538023,0,0.22063296648697,0.747474747474748,"Confirmed",1,TRUE
"UNRATE","Civilian Unemployment Rate [UNRATE]","cumulative_level","Civilian Unemployment Rate [UNRATE] cumulative transformed change / reconstructed level",6,"T5YFFM_L0","boruta_confirmed",85,21266801,0.130232690980776,0.144061399715312,0,0.198071195418461,0.686868686868687,"Confirmed",0.8,TRUE
"UNRATE","Civilian Unemployment Rate [UNRATE]","cumulative_level","Civilian Unemployment Rate [UNRATE] cumulative transformed change / reconstructed level",6,"T5YFFM_L1","boruta_confirmed",85,21266801,0.136261473124166,0.140502312912644,0.0555991557434292,0.189377656830121,0.686868686868687,"Confirmed",0.933333333333333,TRUE
"UNRATE","Civilian Unemployment Rate [UNRATE]","cumulative_level","Civilian Unemployment Rate [UNRATE] cumulative transformed change / reconstructed level",6,"T5YFFM_L2","boruta_confirmed",85,21266801,0.139398996006903,0.14655789849767,0.00668668641786812,0.215549972183024,0.717171717171717,"Confirmed",1,TRUE
"UNRATE","Civilian Unemployment Rate [UNRATE]","cumulative_level","Civilian Unemployment Rate [UNRATE] cumulative transformed change / reconstructed level",6,"T5YFFM_L3","boruta_confirmed",85,21266801,0.166398410523569,0.178798467629971,0,0.248975938950045,0.818181818181818,"Confirmed",1,TRUE
"UNRATE","Civilian Unemployment Rate [UNRATE]","cumulative_level","Civilian Unemployment Rate [UNRATE] cumulative transformed change / reconstructed level",6,"TB3MS_L3","boruta_confirmed",85,21266801,0.121087192492999,0.132103752880852,-0.00162261063421325,0.227724703021265,0.595959595959596,"Confirmed",0.333333333333333,FALSE
"UNRATE","Civilian Unemployment Rate [UNRATE]","cumulative_level","Civilian Unemployment Rate [UNRATE] cumulative transformed change / reconstructed level",6,"TB3SMFFM_L3","boruta_confirmed",85,21266801,0.127235071220651,0.133221084979791,-0.0266621437878056,0.187564377269535,0.656565656565657,"Confirmed",0.933333333333333,TRUE
"UNRATE","Civilian Unemployment Rate [UNRATE]","cumulative_level","Civilian Unemployment Rate [UNRATE] cumulative transformed change / reconstructed level",6,"TB6SMFFM_L0","boruta_confirmed",85,21266801,0.123924824749386,0.130315666543656,0,0.189802534283265,0.606060606060606,"Confirmed",0.8,TRUE
"UNRATE","Civilian Unemployment Rate [UNRATE]","cumulative_level","Civilian Unemployment Rate [UNRATE] cumulative transformed change / reconstructed level",6,"TB6SMFFM_L3","boruta_confirmed",85,21266801,0.116052121120081,0.121658568954515,0,0.172173222625641,0.545454545454545,"Confirmed",0.933333333333333,TRUE
"UNRATE","Civilian Unemployment Rate [UNRATE]","cumulative_level","Civilian Unemployment Rate [UNRATE] cumulative transformed change / reconstructed level",6,"USGOOD_L0","boruta_confirmed",85,21266801,0.141430112219346,0.142543346058602,0,0.238353145655375,0.686868686868687,"Confirmed",1,TRUE
"UNRATE","Civilian Unemployment Rate [UNRATE]","cumulative_level","Civilian Unemployment Rate [UNRATE] cumulative transformed change / reconstructed level",6,"USTPU_L0","boruta_confirmed",85,21266801,0.14920813103571,0.156404733266797,-0.018856616545452,0.278644724617377,0.767676767676768,"Confirmed",0.933333333333333,TRUE
"UNRATE","Civilian Unemployment Rate [UNRATE]","cumulative_level","Civilian Unemployment Rate [UNRATE] cumulative transformed change / reconstructed level",6,"USTRADE_L0","boruta_confirmed",85,21266801,0.164522202143628,0.165934948375319,0.0158641362569091,0.247692508300951,0.848484848484849,"Confirmed",1,TRUE
"UNRATE","Civilian Unemployment Rate [UNRATE]","cumulative_level","Civilian Unemployment Rate [UNRATE] cumulative transformed change / reconstructed level",6,"VIXCLSx_L0","boruta_confirmed",85,21266801,0.14953766613751,0.16076249204627,0,0.225251583780098,0.727272727272727,"Confirmed",0.8,TRUE
"UNRATE","Civilian Unemployment Rate [UNRATE]","cumulative_level","Civilian Unemployment Rate [UNRATE] cumulative transformed change / reconstructed level",12,"AAAFFM_L0","boruta_confirmed",85,21272801,0.146760330702753,0.14887945417212,0,0.198691660910315,0.95959595959596,"Confirmed",1,TRUE
"UNRATE","Civilian Unemployment Rate [UNRATE]","cumulative_level","Civilian Unemployment Rate [UNRATE] cumulative transformed change / reconstructed level",12,"AAAFFM_L1","boruta_confirmed",85,21272801,0.172466957177941,0.174145264490034,0,0.239202231845174,0.97979797979798,"Confirmed",1,TRUE
"UNRATE","Civilian Unemployment Rate [UNRATE]","cumulative_level","Civilian Unemployment Rate [UNRATE] cumulative transformed change / reconstructed level",12,"AAAFFM_L2","boruta_confirmed",85,21272801,0.173546180169815,0.175017976127288,0.0908010035614166,0.228339903254387,0.98989898989899,"Confirmed",1,TRUE
"UNRATE","Civilian Unemployment Rate [UNRATE]","cumulative_level","Civilian Unemployment Rate [UNRATE] cumulative transformed change / reconstructed level",12,"AAAFFM_L3","boruta_confirmed",85,21272801,0.162287091367395,0.166301317036228,0,0.216723826030497,0.96969696969697,"Confirmed",1,TRUE
"UNRATE","Civilian Unemployment Rate [UNRATE]","cumulative_level","Civilian Unemployment Rate [UNRATE] cumulative transformed change / reconstructed level",12,"AMDMUOx_L0","boruta_confirmed",85,21272801,0.105582368984669,0.110443213179657,0.0115270759505578,0.178684813036145,0.535353535353535,"Confirmed",0.466666666666667,FALSE
"UNRATE","Civilian Unemployment Rate [UNRATE]","cumulative_level","Civilian Unemployment Rate [UNRATE] cumulative transformed change / reconstructed level",12,"AMDMUOx_L2","boruta_confirmed",85,21272801,0.112511847314044,0.117536070899959,-0.013688645328794,0.203487986403386,0.616161616161616,"Confirmed",0.533333333333333,FALSE
"UNRATE","Civilian Unemployment Rate [UNRATE]","cumulative_level","Civilian Unemployment Rate [UNRATE] cumulative transformed change / reconstructed level",12,"AMDMUOx_L3","boruta_confirmed",85,21272801,0.132314658442777,0.135864146026332,0.0350210402374018,0.208662617717932,0.787878787878788,"Confirmed",0.933333333333333,TRUE
"UNRATE","Civilian Unemployment Rate [UNRATE]","cumulative_level","Civilian Unemployment Rate [UNRATE] cumulative transformed change / reconstructed level",12,"AWHMAN_L0","boruta_confirmed",85,21272801,0.121334787688371,0.123108680474933,0.0564097041310839,0.168452066136047,0.777777777777778,"Confirmed",0.866666666666667,TRUE
"UNRATE","Civilian Unemployment Rate [UNRATE]","cumulative_level","Civilian Unemployment Rate [UNRATE] cumulative transformed change / reconstructed level",12,"AWHMAN_L1","boruta_confirmed",85,21272801,0.123863106086794,0.128665824972635,0.0496694054420051,0.179373057583383,0.757575757575758,"Confirmed",1,TRUE
"UNRATE","Civilian Unemployment Rate [UNRATE]","cumulative_level","Civilian Unemployment Rate [UNRATE] cumulative transformed change / reconstructed level",12,"AWHMAN_L2","boruta_confirmed",85,21272801,0.120752285133837,0.122488726401088,0.0172116615113999,0.188737032006073,0.717171717171717,"Confirmed",1,TRUE
"UNRATE","Civilian Unemployment Rate [UNRATE]","cumulative_level","Civilian Unemployment Rate [UNRATE] cumulative transformed change / reconstructed level",12,"AWHMAN_L3","boruta_confirmed",85,21272801,0.1296293255327,0.132601612864543,0.00998985368278412,0.195290142537977,0.767676767676768,"Confirmed",1,TRUE
"UNRATE","Civilian Unemployment Rate [UNRATE]","cumulative_level","Civilian Unemployment Rate [UNRATE] cumulative transformed change / reconstructed level",12,"BAAFFM_L0","boruta_confirmed",85,21272801,0.139322169013184,0.140484945729716,0.0807744406029674,0.189070562446456,0.909090909090909,"Confirmed",1,TRUE
"UNRATE","Civilian Unemployment Rate [UNRATE]","cumulative_level","Civilian Unemployment Rate [UNRATE] cumulative transformed change / reconstructed level",12,"BAAFFM_L1","boruta_confirmed",85,21272801,0.153173315653905,0.155887159256044,0,0.207066611527055,0.95959595959596,"Confirmed",1,TRUE
"UNRATE","Civilian Unemployment Rate [UNRATE]","cumulative_level","Civilian Unemployment Rate [UNRATE] cumulative transformed change / reconstructed level",12,"BAAFFM_L2","boruta_confirmed",85,21272801,0.140002331200121,0.141460462944164,0,0.189508965890181,0.929292929292929,"Confirmed",1,TRUE
"UNRATE","Civilian Unemployment Rate [UNRATE]","cumulative_level","Civilian Unemployment Rate [UNRATE] cumulative transformed change / reconstructed level",12,"BAAFFM_L3","boruta_confirmed",85,21272801,0.135268784038983,0.13571129901451,0.0883321985857239,0.198847832769609,0.929292929292929,"Confirmed",1,TRUE
"UNRATE","Civilian Unemployment Rate [UNRATE]","cumulative_level","Civilian Unemployment Rate [UNRATE] cumulative transformed change / reconstructed level",12,"CES0600000007_L0","boruta_confirmed",85,21272801,0.107274648715654,0.104764227305572,0.0504343369546175,0.171180030166548,0.535353535353535,"Confirmed",0.533333333333333,FALSE
"UNRATE","Civilian Unemployment Rate [UNRATE]","cumulative_level","Civilian Unemployment Rate [UNRATE] cumulative transformed change / reconstructed level",12,"CES0600000007_L1","boruta_confirmed",85,21272801,0.115516380740339,0.11893921242783,0.0416384578918828,0.167742148252073,0.686868686868687,"Confirmed",0.6,TRUE
"UNRATE","Civilian Unemployment Rate [UNRATE]","cumulative_level","Civilian Unemployment Rate [UNRATE] cumulative transformed change / reconstructed level",12,"CES0600000007_L3","boruta_confirmed",85,21272801,0.11595013444402,0.118588339821527,0.0478174196171136,0.174552977644262,0.646464646464647,"Confirmed",0.933333333333333,TRUE
"UNRATE","Civilian Unemployment Rate [UNRATE]","cumulative_level","Civilian Unemployment Rate [UNRATE] cumulative transformed change / reconstructed level",12,"COMPAPFFx_L0","boruta_confirmed",85,21272801,0.167296787652672,0.164962540364723,0.042988774553485,0.250988330536422,0.94949494949495,"Confirmed",1,TRUE
"UNRATE","Civilian Unemployment Rate [UNRATE]","cumulative_level","Civilian Unemployment Rate [UNRATE] cumulative transformed change / reconstructed level",12,"COMPAPFFx_L1","boruta_confirmed",85,21272801,0.139005656971483,0.136832650645217,0.0610751280668707,0.248567395528996,0.828282828282828,"Confirmed",1,TRUE
"UNRATE","Civilian Unemployment Rate [UNRATE]","cumulative_level","Civilian Unemployment Rate [UNRATE] cumulative transformed change / reconstructed level",12,"COMPAPFFx_L2","boruta_confirmed",85,21272801,0.127277154921636,0.128576752116065,0.00800670925238306,0.235813880880464,0.696969696969697,"Confirmed",1,TRUE
"UNRATE","Civilian Unemployment Rate [UNRATE]","cumulative_level","Civilian Unemployment Rate [UNRATE] cumulative transformed change / reconstructed level",12,"COMPAPFFx_L3","boruta_confirmed",85,21272801,0.113452619625563,0.124244203644113,0.00404731562039739,0.190502278856689,0.696969696969697,"Confirmed",0.8,TRUE
"UNRATE","Civilian Unemployment Rate [UNRATE]","cumulative_level","Civilian Unemployment Rate [UNRATE] cumulative transformed change / reconstructed level",12,"CONSPI_L0","boruta_confirmed",85,21272801,0.0974979858542567,0.103580179391685,-0.0441240258210081,0.178989389104844,0.545454545454545,"Confirmed",0.0666666666666667,FALSE
"UNRATE","Civilian Unemployment Rate [UNRATE]","cumulative_level","Civilian Unemployment Rate [UNRATE] cumulative transformed change / reconstructed level",12,"CUMFNS_L0","boruta_confirmed",85,21272801,0.10310481107026,0.102212446964845,-0.0111738182841129,0.205242867677805,0.484848484848485,"Confirmed",0.8,TRUE
"UNRATE","Civilian Unemployment Rate [UNRATE]","cumulative_level","Civilian Unemployment Rate [UNRATE] cumulative transformed change / reconstructed level",12,"CUMFNS_L1","boruta_confirmed",85,21272801,0.103895469777758,0.107995316292541,0,0.175843727439914,0.515151515151515,"Confirmed",0.4,FALSE
"UNRATE","Civilian Unemployment Rate [UNRATE]","cumulative_level","Civilian Unemployment Rate [UNRATE] cumulative transformed change / reconstructed level",12,"DMANEMP_L0","boruta_confirmed",85,21272801,0.142317097638126,0.143628079819406,0,0.220211450217973,0.878787878787879,"Confirmed",1,TRUE
"UNRATE","Civilian Unemployment Rate [UNRATE]","cumulative_level","Civilian Unemployment Rate [UNRATE] cumulative transformed change / reconstructed level",12,"DMANEMP_L1","boruta_confirmed",85,21272801,0.104127254789373,0.108112388680127,-0.0273059597367925,0.204807582171693,0.525252525252525,"Confirmed",1,TRUE
"UNRATE","Civilian Unemployment Rate [UNRATE]","cumulative_level","Civilian Unemployment Rate [UNRATE] cumulative transformed change / reconstructed level",12,"DPCERA3M086SBEA_L3","boruta_confirmed",85,21272801,0.0958078503588471,0.101264073404636,-0.0748360604650469,0.184893492633289,0.515151515151515,"Confirmed",0.0666666666666667,FALSE
"UNRATE","Civilian Unemployment Rate [UNRATE]","cumulative_level","Civilian Unemployment Rate [UNRATE] cumulative transformed change / reconstructed level",12,"FEDFUNDS_L0","boruta_confirmed",85,21272801,0.126590372663996,0.131718864784821,0,0.199892276831514,0.767676767676768,"Confirmed",1,TRUE
"UNRATE","Civilian Unemployment Rate [UNRATE]","cumulative_level","Civilian Unemployment Rate [UNRATE] cumulative transformed change / reconstructed level",12,"FEDFUNDS_L2","boruta_confirmed",85,21272801,0.119100006511476,0.119235929443543,0.028004710040159,0.177790916038421,0.747474747474748,"Confirmed",0.466666666666667,FALSE
"UNRATE","Civilian Unemployment Rate [UNRATE]","cumulative_level","Civilian Unemployment Rate [UNRATE] cumulative transformed change / reconstructed level",12,"FEDFUNDS_L3","boruta_confirmed",85,21272801,0.117595647857454,0.11880538589982,0,0.226871901100187,0.686868686868687,"Confirmed",0.4,FALSE
"UNRATE","Civilian Unemployment Rate [UNRATE]","cumulative_level","Civilian Unemployment Rate [UNRATE] cumulative transformed change / reconstructed level",12,"GS1_L0","boruta_confirmed",85,21272801,0.120930106667104,0.118153576466785,0.0326458703551779,0.174592013407401,0.767676767676768,"Confirmed",0.4,FALSE
"UNRATE","Civilian Unemployment Rate [UNRATE]","cumulative_level","Civilian Unemployment Rate [UNRATE] cumulative transformed change / reconstructed level",12,"HOUST_L0","boruta_confirmed",85,21272801,0.134928602300008,0.133097156952935,0.0780895152240085,0.174275656959368,0.868686868686869,"Confirmed",0.933333333333333,TRUE
"UNRATE","Civilian Unemployment Rate [UNRATE]","cumulative_level","Civilian Unemployment Rate [UNRATE] cumulative transformed change / reconstructed level",12,"HOUST_L1","boruta_confirmed",85,21272801,0.143109710465178,0.149521608982758,0,0.201169229683023,0.919191919191919,"Confirmed",0.933333333333333,TRUE
"UNRATE","Civilian Unemployment Rate [UNRATE]","cumulative_level","Civilian Unemployment Rate [UNRATE] cumulative transformed change / reconstructed level",12,"HOUST_L2","boruta_confirmed",85,21272801,0.172997290778396,0.172453340452438,0,0.243912732827894,0.98989898989899,"Confirmed",1,TRUE
"UNRATE","Civilian Unemployment Rate [UNRATE]","cumulative_level","Civilian Unemployment Rate [UNRATE] cumulative transformed change / reconstructed level",12,"HOUST_L3","boruta_confirmed",85,21272801,0.189699444645705,0.19265286691604,0.109893646753723,0.244131384058456,1,"Confirmed",1,TRUE
"UNRATE","Civilian Unemployment Rate [UNRATE]","cumulative_level","Civilian Unemployment Rate [UNRATE] cumulative transformed change / reconstructed level",12,"HOUSTMW_L0","boruta_confirmed",85,21272801,0.141440822277217,0.145480981608628,0.0613584151309006,0.211660350377974,0.828282828282828,"Confirmed",1,TRUE
"UNRATE","Civilian Unemployment Rate [UNRATE]","cumulative_level","Civilian Unemployment Rate [UNRATE] cumulative transformed change / reconstructed level",12,"HOUSTMW_L1","boruta_confirmed",85,21272801,0.137693340478985,0.140894392622458,0,0.207674751422192,0.868686868686869,"Confirmed",1,TRUE
"UNRATE","Civilian Unemployment Rate [UNRATE]","cumulative_level","Civilian Unemployment Rate [UNRATE] cumulative transformed change / reconstructed level",12,"HOUSTMW_L2","boruta_confirmed",85,21272801,0.148783585465693,0.147987907130295,0.0552789451386174,0.211812209868659,0.929292929292929,"Confirmed",1,TRUE
"UNRATE","Civilian Unemployment Rate [UNRATE]","cumulative_level","Civilian Unemployment Rate [UNRATE] cumulative transformed change / reconstructed level",12,"HOUSTMW_L3","boruta_confirmed",85,21272801,0.150738834370825,0.151421536919986,0.0571275778950367,0.217374918449152,0.929292929292929,"Confirmed",1,TRUE
"UNRATE","Civilian Unemployment Rate [UNRATE]","cumulative_level","Civilian Unemployment Rate [UNRATE] cumulative transformed change / reconstructed level",12,"HOUSTNE_L3","boruta_confirmed",85,21272801,0.106613786132714,0.109927075897329,-0.00615566753058356,0.158642236175579,0.585858585858586,"Confirmed",0.666666666666667,TRUE
"UNRATE","Civilian Unemployment Rate [UNRATE]","cumulative_level","Civilian Unemployment Rate [UNRATE] cumulative transformed change / reconstructed level",12,"HOUSTS_L1","boruta_confirmed",85,21272801,0.101228805515558,0.100454071794473,0,0.193607595296864,0.535353535353535,"Confirmed",0.8,TRUE
"UNRATE","Civilian Unemployment Rate [UNRATE]","cumulative_level","Civilian Unemployment Rate [UNRATE] cumulative transformed change / reconstructed level",12,"HOUSTS_L3","boruta_confirmed",85,21272801,0.103452003056052,0.103709878694142,0,0.176114361974162,0.525252525252525,"Confirmed",0.866666666666667,TRUE
"UNRATE","Civilian Unemployment Rate [UNRATE]","cumulative_level","Civilian Unemployment Rate [UNRATE] cumulative transformed change / reconstructed level",12,"HOUSTW_L2","boruta_confirmed",85,21272801,0.100692355727044,0.100754544656465,0.0347402869165643,0.155686541573028,0.494949494949495,"Confirmed",0.933333333333333,TRUE
"UNRATE","Civilian Unemployment Rate [UNRATE]","cumulative_level","Civilian Unemployment Rate [UNRATE] cumulative transformed change / reconstructed level",12,"HOUSTW_L3","boruta_confirmed",85,21272801,0.112678142050265,0.114829058299277,0,0.164881111476565,0.636363636363636,"Confirmed",1,TRUE
"UNRATE","Civilian Unemployment Rate [UNRATE]","cumulative_level","Civilian Unemployment Rate [UNRATE] cumulative transformed change / reconstructed level",12,"M2REAL_L1","boruta_confirmed",85,21272801,0.130856569170656,0.136792187205025,0.0317024211633678,0.196068541996803,0.777777777777778,"Confirmed",0.533333333333333,FALSE
"UNRATE","Civilian Unemployment Rate [UNRATE]","cumulative_level","Civilian Unemployment Rate [UNRATE] cumulative transformed change / reconstructed level",12,"MANEMP_L0","boruta_confirmed",85,21272801,0.146142148608759,0.150590399336965,0,0.208494675905621,0.898989898989899,"Confirmed",1,TRUE
"UNRATE","Civilian Unemployment Rate [UNRATE]","cumulative_level","Civilian Unemployment Rate [UNRATE] cumulative transformed change / reconstructed level",12,"MANEMP_L1","boruta_confirmed",85,21272801,0.115211230993198,0.118188572958882,0,0.18857026722063,0.656565656565657,"Confirmed",1,TRUE
"UNRATE","Civilian Unemployment Rate [UNRATE]","cumulative_level","Civilian Unemployment Rate [UNRATE] cumulative transformed change / reconstructed level",12,"NDMANEMP_L0","boruta_confirmed",85,21272801,0.111006399379285,0.115819562566576,0,0.200608365850814,0.555555555555556,"Confirmed",0.533333333333333,FALSE
"UNRATE","Civilian Unemployment Rate [UNRATE]","cumulative_level","Civilian Unemployment Rate [UNRATE] cumulative transformed change / reconstructed level",12,"NDMANEMP_L1","boruta_confirmed",85,21272801,0.0991570873990691,0.101664814958279,0,0.165499313258158,0.464646464646465,"Confirmed",0.533333333333333,FALSE
"UNRATE","Civilian Unemployment Rate [UNRATE]","cumulative_level","Civilian Unemployment Rate [UNRATE] cumulative transformed change / reconstructed level",12,"PAYEMS_L0","boruta_confirmed",85,21272801,0.192022998795981,0.197859956150646,0,0.273860528409628,0.94949494949495,"Confirmed",1,TRUE
"UNRATE","Civilian Unemployment Rate [UNRATE]","cumulative_level","Civilian Unemployment Rate [UNRATE] cumulative transformed change / reconstructed level",12,"PAYEMS_L1","boruta_confirmed",85,21272801,0.148808593035978,0.15197514214316,0,0.217364921494977,0.909090909090909,"Confirmed",1,TRUE
"UNRATE","Civilian Unemployment Rate [UNRATE]","cumulative_level","Civilian Unemployment Rate [UNRATE] cumulative transformed change / reconstructed level",12,"PAYEMS_L2","boruta_confirmed",85,21272801,0.112450392703335,0.111396343713185,0.0286089168600999,0.18814859503133,0.595959595959596,"Confirmed",0.733333333333333,TRUE
"UNRATE","Civilian Unemployment Rate [UNRATE]","cumulative_level","Civilian Unemployment Rate [UNRATE] cumulative transformed change / reconstructed level",12,"PAYEMS_L3","boruta_confirmed",85,21272801,0.114997424942604,0.108055717913044,-0.0135037168265325,0.227338717344274,0.545454545454545,"Confirmed",0.6,TRUE
"UNRATE","Civilian Unemployment Rate [UNRATE]","cumulative_level","Civilian Unemployment Rate [UNRATE] cumulative transformed change / reconstructed level",12,"PC1_L0","boruta_confirmed",85,21272801,0.155650476147701,0.155752324221652,0,0.271347373106605,0.848484848484849,"Confirmed",1,TRUE
"UNRATE","Civilian Unemployment Rate [UNRATE]","cumulative_level","Civilian Unemployment Rate [UNRATE] cumulative transformed change / reconstructed level",12,"PC1_L1","boruta_confirmed",85,21272801,0.123479581757875,0.124128631963184,0,0.223667670789586,0.717171717171717,"Confirmed",1,TRUE
"UNRATE","Civilian Unemployment Rate [UNRATE]","cumulative_level","Civilian Unemployment Rate [UNRATE] cumulative transformed change / reconstructed level",12,"PC1_L2","boruta_confirmed",85,21272801,0.098299084635348,0.100676931222357,-0.0696587074583032,0.182722835729768,0.505050505050505,"Confirmed",0.8,TRUE
"UNRATE","Civilian Unemployment Rate [UNRATE]","cumulative_level","Civilian Unemployment Rate [UNRATE] cumulative transformed change / reconstructed level",12,"PERMIT_L0","boruta_confirmed",85,21272801,0.108877177094645,0.11007940506135,0,0.152347811740508,0.606060606060606,"Confirmed",0.866666666666667,TRUE
"UNRATE","Civilian Unemployment Rate [UNRATE]","cumulative_level","Civilian Unemployment Rate [UNRATE] cumulative transformed change / reconstructed level",12,"PERMIT_L1","boruta_confirmed",85,21272801,0.122957962655861,0.123503238382237,0,0.176267794591047,0.797979797979798,"Confirmed",0.933333333333333,TRUE
"UNRATE","Civilian Unemployment Rate [UNRATE]","cumulative_level","Civilian Unemployment Rate [UNRATE] cumulative transformed change / reconstructed level",12,"PERMIT_L2","boruta_confirmed",85,21272801,0.149460867302993,0.149934346883906,0.0909527674534998,0.194536134569657,0.94949494949495,"Confirmed",0.933333333333333,TRUE
"UNRATE","Civilian Unemployment Rate [UNRATE]","cumulative_level","Civilian Unemployment Rate [UNRATE] cumulative transformed change / reconstructed level",12,"PERMIT_L3","boruta_confirmed",85,21272801,0.162712956704943,0.164790463976918,0.0977201167833022,0.237225865312335,0.94949494949495,"Confirmed",1,TRUE
"UNRATE","Civilian Unemployment Rate [UNRATE]","cumulative_level","Civilian Unemployment Rate [UNRATE] cumulative transformed change / reconstructed level",12,"PERMITMW_L0","boruta_confirmed",85,21272801,0.149285511918354,0.149063005831196,0,0.222294420132821,0.909090909090909,"Confirmed",1,TRUE
"UNRATE","Civilian Unemployment Rate [UNRATE]","cumulative_level","Civilian Unemployment Rate [UNRATE] cumulative transformed change / reconstructed level",12,"PERMITMW_L1","boruta_confirmed",85,21272801,0.154902648621417,0.155354750080024,0.0309629105944343,0.21806717031215,0.929292929292929,"Confirmed",1,TRUE
"UNRATE","Civilian Unemployment Rate [UNRATE]","cumulative_level","Civilian Unemployment Rate [UNRATE] cumulative transformed change / reconstructed level",12,"PERMITMW_L2","boruta_confirmed",85,21272801,0.170696994989532,0.171511844258889,0.106770537160213,0.235341121749537,1,"Confirmed",1,TRUE
"UNRATE","Civilian Unemployment Rate [UNRATE]","cumulative_level","Civilian Unemployment Rate [UNRATE] cumulative transformed change / reconstructed level",12,"PERMITMW_L3","boruta_confirmed",85,21272801,0.200574285330239,0.201699137063932,0,0.268011342500051,0.98989898989899,"Confirmed",1,TRUE
"UNRATE","Civilian Unemployment Rate [UNRATE]","cumulative_level","Civilian Unemployment Rate [UNRATE] cumulative transformed change / reconstructed level",12,"PERMITS_L0","boruta_confirmed",85,21272801,0.122511073760927,0.123178551989345,0,0.21303185572163,0.646464646464647,"Confirmed",1,TRUE
"UNRATE","Civilian Unemployment Rate [UNRATE]","cumulative_level","Civilian Unemployment Rate [UNRATE] cumulative transformed change / reconstructed level",12,"PERMITS_L1","boruta_confirmed",85,21272801,0.116061578022643,0.113317893883858,-0.00917725750893275,0.226290227602698,0.606060606060606,"Confirmed",1,TRUE
"UNRATE","Civilian Unemployment Rate [UNRATE]","cumulative_level","Civilian Unemployment Rate [UNRATE] cumulative transformed change / reconstructed level",12,"PERMITS_L2","boruta_confirmed",85,21272801,0.125788459479625,0.126593319402771,0,0.228242299998811,0.666666666666667,"Confirmed",1,TRUE
"UNRATE","Civilian Unemployment Rate [UNRATE]","cumulative_level","Civilian Unemployment Rate [UNRATE] cumulative transformed change / reconstructed level",12,"PERMITW_L0","boruta_confirmed",85,21272801,0.101053151879373,0.104580050609269,0,0.175145104405712,0.464646464646465,"Confirmed",0.6,TRUE
"UNRATE","Civilian Unemployment Rate [UNRATE]","cumulative_level","Civilian Unemployment Rate [UNRATE] cumulative transformed change / reconstructed level",12,"PERMITW_L1","boruta_confirmed",85,21272801,0.101777592587393,0.103750632091074,-0.00797305020877014,0.186055056612656,0.555555555555556,"Confirmed",0.8,TRUE
"UNRATE","Civilian Unemployment Rate [UNRATE]","cumulative_level","Civilian Unemployment Rate [UNRATE] cumulative transformed change / reconstructed level",12,"SRVPRD_L0","boruta_confirmed",85,21272801,0.17493625384195,0.181701591260617,0,0.258575310662483,0.95959595959596,"Confirmed",1,TRUE
"UNRATE","Civilian Unemployment Rate [UNRATE]","cumulative_level","Civilian Unemployment Rate [UNRATE] cumulative transformed change / reconstructed level",12,"SRVPRD_L1","boruta_confirmed",85,21272801,0.132058449466433,0.135720715631858,0,0.218170370151629,0.828282828282828,"Confirmed",0.533333333333333,FALSE
"UNRATE","Civilian Unemployment Rate [UNRATE]","cumulative_level","Civilian Unemployment Rate [UNRATE] cumulative transformed change / reconstructed level",12,"SRVPRD_L2","boruta_confirmed",85,21272801,0.110049091518554,0.111259939229354,0.0147788436839243,0.222834243431747,0.535353535353535,"Confirmed",0.466666666666667,FALSE
"UNRATE","Civilian Unemployment Rate [UNRATE]","cumulative_level","Civilian Unemployment Rate [UNRATE] cumulative transformed change / reconstructed level",12,"SRVPRD_L3","boruta_confirmed",85,21272801,0.120247882259192,0.119953666609584,0,0.226736750532052,0.626262626262626,"Confirmed",0.466666666666667,FALSE
"UNRATE","Civilian Unemployment Rate [UNRATE]","cumulative_level","Civilian Unemployment Rate [UNRATE] cumulative transformed change / reconstructed level",12,"T10YFFM_L0","boruta_confirmed",85,21272801,0.19021946169911,0.19513458717665,0.134839496502775,0.252786664339051,0.98989898989899,"Confirmed",1,TRUE
"UNRATE","Civilian Unemployment Rate [UNRATE]","cumulative_level","Civilian Unemployment Rate [UNRATE] cumulative transformed change / reconstructed level",12,"T10YFFM_L1","boruta_confirmed",85,21272801,0.190396091120527,0.196257082534911,0,0.232406469065545,0.98989898989899,"Confirmed",1,TRUE
"UNRATE","Civilian Unemployment Rate [UNRATE]","cumulative_level","Civilian Unemployment Rate [UNRATE] cumulative transformed change / reconstructed level",12,"T10YFFM_L2","boruta_confirmed",85,21272801,0.178260990330146,0.182265966072006,0,0.231208264649704,0.96969696969697,"Confirmed",1,TRUE
"UNRATE","Civilian Unemployment Rate [UNRATE]","cumulative_level","Civilian Unemployment Rate [UNRATE] cumulative transformed change / reconstructed level",12,"T10YFFM_L3","boruta_confirmed",85,21272801,0.194105888014886,0.197290831016796,0.136793400939074,0.24279260368102,1,"Confirmed",1,TRUE
"UNRATE","Civilian Unemployment Rate [UNRATE]","cumulative_level","Civilian Unemployment Rate [UNRATE] cumulative transformed change / reconstructed level",12,"T1YFFM_L0","boruta_confirmed",85,21272801,0.164678562325513,0.165796384085201,0,0.233708507020316,0.96969696969697,"Confirmed",1,TRUE
"UNRATE","Civilian Unemployment Rate [UNRATE]","cumulative_level","Civilian Unemployment Rate [UNRATE] cumulative transformed change / reconstructed level",12,"T1YFFM_L1","boruta_confirmed",85,21272801,0.183364160541773,0.183138486155042,0.099520512923258,0.237598963842942,0.98989898989899,"Confirmed",1,TRUE
"UNRATE","Civilian Unemployment Rate [UNRATE]","cumulative_level","Civilian Unemployment Rate [UNRATE] cumulative transformed change / reconstructed level",12,"T1YFFM_L2","boruta_confirmed",85,21272801,0.19631519024303,0.200099849556226,0,0.259596787839913,0.96969696969697,"Confirmed",1,TRUE
"UNRATE","Civilian Unemployment Rate [UNRATE]","cumulative_level","Civilian Unemployment Rate [UNRATE] cumulative transformed change / reconstructed level",12,"T1YFFM_L3","boruta_confirmed",85,21272801,0.21484930015867,0.226352789451531,0,0.282440462383086,0.94949494949495,"Confirmed",1,TRUE
"UNRATE","Civilian Unemployment Rate [UNRATE]","cumulative_level","Civilian Unemployment Rate [UNRATE] cumulative transformed change / reconstructed level",12,"T5YFFM_L0","boruta_confirmed",85,21272801,0.22889970818846,0.235517872649113,0,0.285736745946176,0.98989898989899,"Confirmed",1,TRUE
"UNRATE","Civilian Unemployment Rate [UNRATE]","cumulative_level","Civilian Unemployment Rate [UNRATE] cumulative transformed change / reconstructed level",12,"T5YFFM_L1","boruta_confirmed",85,21272801,0.232980120078309,0.239122287646311,0,0.312714400964104,0.97979797979798,"Confirmed",1,TRUE
"UNRATE","Civilian Unemployment Rate [UNRATE]","cumulative_level","Civilian Unemployment Rate [UNRATE] cumulative transformed change / reconstructed level",12,"T5YFFM_L2","boruta_confirmed",85,21272801,0.224669897758036,0.226902153854066,0,0.293151504830297,0.97979797979798,"Confirmed",1,TRUE
"UNRATE","Civilian Unemployment Rate [UNRATE]","cumulative_level","Civilian Unemployment Rate [UNRATE] cumulative transformed change / reconstructed level",12,"T5YFFM_L3","boruta_confirmed",85,21272801,0.229786324815457,0.235506152353667,0,0.293002708478271,0.97979797979798,"Confirmed",1,TRUE
"UNRATE","Civilian Unemployment Rate [UNRATE]","cumulative_level","Civilian Unemployment Rate [UNRATE] cumulative transformed change / reconstructed level",12,"TB3MS_L0","boruta_confirmed",85,21272801,0.154114529439756,0.157229011060462,0,0.205188357878084,0.939393939393939,"Confirmed",0.8,TRUE
"UNRATE","Civilian Unemployment Rate [UNRATE]","cumulative_level","Civilian Unemployment Rate [UNRATE] cumulative transformed change / reconstructed level",12,"TB3MS_L1","boruta_confirmed",85,21272801,0.107485969871006,0.112925398014459,0,0.180691698031361,0.606060606060606,"Confirmed",0.4,FALSE
"UNRATE","Civilian Unemployment Rate [UNRATE]","cumulative_level","Civilian Unemployment Rate [UNRATE] cumulative transformed change / reconstructed level",12,"TB3MS_L2","boruta_confirmed",85,21272801,0.0999085202849729,0.103985076466285,-0.0451491356756957,0.179749928978611,0.565656565656566,"Confirmed",0.4,FALSE
"UNRATE","Civilian Unemployment Rate [UNRATE]","cumulative_level","Civilian Unemployment Rate [UNRATE] cumulative transformed change / reconstructed level",12,"TB3MS_L3","boruta_confirmed",85,21272801,0.119409949553728,0.123731423744365,0,0.17727041281739,0.696969696969697,"Confirmed",0.333333333333333,FALSE
"UNRATE","Civilian Unemployment Rate [UNRATE]","cumulative_level","Civilian Unemployment Rate [UNRATE] cumulative transformed change / reconstructed level",12,"TB3SMFFM_L0","boruta_confirmed",85,21272801,0.112925094513291,0.113809799851713,0.0579561502165799,0.157977472572326,0.636363636363636,"Confirmed",1,TRUE
"UNRATE","Civilian Unemployment Rate [UNRATE]","cumulative_level","Civilian Unemployment Rate [UNRATE] cumulative transformed change / reconstructed level",12,"TB3SMFFM_L1","boruta_confirmed",85,21272801,0.116480420499301,0.116841036166512,0.0327670626621317,0.185600650068476,0.666666666666667,"Confirmed",1,TRUE
"UNRATE","Civilian Unemployment Rate [UNRATE]","cumulative_level","Civilian Unemployment Rate [UNRATE] cumulative transformed change / reconstructed level",12,"TB3SMFFM_L2","boruta_confirmed",85,21272801,0.137314343634183,0.13712639201886,0.0374794714219673,0.213542241514717,0.868686868686869,"Confirmed",1,TRUE
"UNRATE","Civilian Unemployment Rate [UNRATE]","cumulative_level","Civilian Unemployment Rate [UNRATE] cumulative transformed change / reconstructed level",12,"TB3SMFFM_L3","boruta_confirmed",85,21272801,0.167231697809544,0.170289461242012,0,0.253159701408797,0.94949494949495,"Confirmed",1,TRUE
"UNRATE","Civilian Unemployment Rate [UNRATE]","cumulative_level","Civilian Unemployment Rate [UNRATE] cumulative transformed change / reconstructed level",12,"TB6MS_L0","boruta_confirmed",85,21272801,0.146818962284531,0.152780497196143,0,0.209656775436081,0.929292929292929,"Confirmed",0.666666666666667,TRUE
"UNRATE","Civilian Unemployment Rate [UNRATE]","cumulative_level","Civilian Unemployment Rate [UNRATE] cumulative transformed change / reconstructed level",12,"TB6MS_L1","boruta_confirmed",85,21272801,0.10620200303324,0.107070176708859,-0.00823306021908912,0.175532543548119,0.565656565656566,"Confirmed",0.2,FALSE
"UNRATE","Civilian Unemployment Rate [UNRATE]","cumulative_level","Civilian Unemployment Rate [UNRATE] cumulative transformed change / reconstructed level",12,"TB6MS_L2","boruta_confirmed",85,21272801,0.100063429227768,0.107840254756901,-0.001236595904876,0.162942025678194,0.535353535353535,"Confirmed",0.133333333333333,FALSE
"UNRATE","Civilian Unemployment Rate [UNRATE]","cumulative_level","Civilian Unemployment Rate [UNRATE] cumulative transformed change / reconstructed level",12,"TB6MS_L3","boruta_confirmed",85,21272801,0.10076693082357,0.105547240144441,-0.0525868237327166,0.173683892336887,0.515151515151515,"Confirmed",0.266666666666667,FALSE
"UNRATE","Civilian Unemployment Rate [UNRATE]","cumulative_level","Civilian Unemployment Rate [UNRATE] cumulative transformed change / reconstructed level",12,"TB6SMFFM_L2","boruta_confirmed",85,21272801,0.117044481229528,0.122533801174039,0,0.177787169110294,0.696969696969697,"Confirmed",1,TRUE
"UNRATE","Civilian Unemployment Rate [UNRATE]","cumulative_level","Civilian Unemployment Rate [UNRATE] cumulative transformed change / reconstructed level",12,"TB6SMFFM_L3","boruta_confirmed",85,21272801,0.146635210090242,0.149803806029243,0,0.222905528641833,0.888888888888889,"Confirmed",1,TRUE
"UNRATE","Civilian Unemployment Rate [UNRATE]","cumulative_level","Civilian Unemployment Rate [UNRATE] cumulative transformed change / reconstructed level",12,"UNRATE_L0","boruta_confirmed",85,21272801,0.135899953313728,0.137492073305943,0,0.204028307633429,0.828282828282828,"Confirmed",0.466666666666667,FALSE
"UNRATE","Civilian Unemployment Rate [UNRATE]","cumulative_level","Civilian Unemployment Rate [UNRATE] cumulative transformed change / reconstructed level",12,"UNRATE_L1","boruta_confirmed",85,21272801,0.12637215287015,0.129493957756228,0,0.210838865877055,0.777777777777778,"Confirmed",0.466666666666667,FALSE
"UNRATE","Civilian Unemployment Rate [UNRATE]","cumulative_level","Civilian Unemployment Rate [UNRATE] cumulative transformed change / reconstructed level",12,"UNRATE_L2","boruta_confirmed",85,21272801,0.11207210566861,0.111891128233584,-0.00755525623061385,0.203401045172039,0.606060606060606,"Confirmed",0.466666666666667,FALSE
"UNRATE","Civilian Unemployment Rate [UNRATE]","cumulative_level","Civilian Unemployment Rate [UNRATE] cumulative transformed change / reconstructed level",12,"UNRATE_L3","boruta_confirmed",85,21272801,0.133685658035449,0.141955033110213,-0.0208863947033707,0.235960414340017,0.757575757575758,"Confirmed",0.466666666666667,FALSE
"UNRATE","Civilian Unemployment Rate [UNRATE]","cumulative_level","Civilian Unemployment Rate [UNRATE] cumulative transformed change / reconstructed level",12,"USGOOD_L0","boruta_confirmed",85,21272801,0.148355216598569,0.148092588806994,0,0.217609407185357,0.888888888888889,"Confirmed",1,TRUE
"UNRATE","Civilian Unemployment Rate [UNRATE]","cumulative_level","Civilian Unemployment Rate [UNRATE] cumulative transformed change / reconstructed level",12,"USGOOD_L1","boruta_confirmed",85,21272801,0.119164985623615,0.121027307649187,-0.0124304166952486,0.194822714954269,0.777777777777778,"Confirmed",1,TRUE
"UNRATE","Civilian Unemployment Rate [UNRATE]","cumulative_level","Civilian Unemployment Rate [UNRATE] cumulative transformed change / reconstructed level",12,"USTPU_L0","boruta_confirmed",85,21272801,0.164964352022717,0.169472093287578,0.0785459822372712,0.241993136741384,0.919191919191919,"Confirmed",1,TRUE
"UNRATE","Civilian Unemployment Rate [UNRATE]","cumulative_level","Civilian Unemployment Rate [UNRATE] cumulative transformed change / reconstructed level",12,"USTPU_L1","boruta_confirmed",85,21272801,0.122211868137359,0.125627691911416,0,0.195257779959289,0.737373737373737,"Confirmed",0.933333333333333,TRUE
"UNRATE","Civilian Unemployment Rate [UNRATE]","cumulative_level","Civilian Unemployment Rate [UNRATE] cumulative transformed change / reconstructed level",12,"USTRADE_L0","boruta_confirmed",85,21272801,0.161666625663919,0.16307420909713,0.0217662865116969,0.237462193107446,0.929292929292929,"Confirmed",1,TRUE
"UNRATE","Civilian Unemployment Rate [UNRATE]","cumulative_level","Civilian Unemployment Rate [UNRATE] cumulative transformed change / reconstructed level",12,"USWTRADE_L0","boruta_confirmed",85,21272801,0.13444471309482,0.136041593119195,0,0.216194487811652,0.838383838383838,"Confirmed",1,TRUE
"UNRATE","Civilian Unemployment Rate [UNRATE]","cumulative_level","Civilian Unemployment Rate [UNRATE] cumulative transformed change / reconstructed level",12,"VIXCLSx_L0","boruta_confirmed",85,21272801,0.104450418557901,0.102310502294957,-0.00643254265491207,0.269240594669297,0.525252525252525,"Confirmed",0.533333333333333,FALSE
